{
    "0": "https://bu.dusays.com/2022/05/21/6288fedbf1d77.gif",
    "1": "https://bu.dusays.com/2022/05/21/628902237cbfa.gif",
    "2": "https://bu.dusays.com/2022/05/21/628902242f92b.gif",
    "3": "https://bu.dusays.com/2022/05/21/628902266d336.gif",
    "4": "https://bu.dusays.com/2022/05/21/6289022d547f3.gif",
    "5": "https://bu.dusays.com/2022/05/21/628908f4cfa1f.gif",
    "6": "https://bu.dusays.com/2022/05/21/6289092caa499.gif",
    "7": "https://bu.dusays.com/2022/05/21/6289092d9005e.gif",
    "8": "https://bu.dusays.com/2022/05/21/6289092f39549.gif",
    "9": "https://bu.dusays.com/2022/05/21/6289093653ed6.gif",
    "10": "https://bu.dusays.com/2022/05/21/6289093fb1437.gif",
    "11": "https://bu.dusays.com/2022/05/21/62890942c91d2.gif",
    "12": "https://bu.dusays.com/2022/05/21/6289094489e13.gif",
    "13": "https://bu.dusays.com/2022/05/21/6289095101865.gif",
    "14": "https://bu.dusays.com/2022/05/21/628909526d010.gif",
    "15": "https://bu.dusays.com/2022/05/21/62890953bfced.gif",
    "16": "https://bu.dusays.com/2022/05/21/62890955229a5.gif",
    "17": "https://bu.dusays.com/2022/05/21/6289095774aaf.gif",
    "18": "https://bu.dusays.com/2022/05/21/62890b85cbd35.gif",
    "19": "https://bu.dusays.com/2022/05/21/62890b8953659.gif",
    "20": "https://bu.dusays.com/2022/05/21/62890b8b8f854.gif",
    "21": "https://bu.dusays.com/2022/05/21/62890b8edca1d.gif",
    "22": "https://bu.dusays.com/2022/05/21/62890b9056ca6.gif",
    "23": "https://bu.dusays.com/2022/05/21/62890b9219db2.gif",
    "24": "https://bu.dusays.com/2022/05/21/62890b92e83cc.gif",
    "25": "https://bu.dusays.com/2022/05/21/62890b9576702.gif",
    "26": "https://bu.dusays.com/2022/05/21/62890b986bbbd.gif",
    "27": "https://bu.dusays.com/2022/05/21/62890b9a9742b.gif",
    "28": "https://bu.dusays.com/2022/05/21/62890b9cda64d.gif",
    "29": "https://bu.dusays.com/2022/05/21/62890b9f043b3.gif",
    "30": "https://bu.dusays.com/2022/05/21/62890ba194f06.gif",
    "31": "https://bu.dusays.com/2022/05/21/62890bae0c619.gif",
    "32": "https://bu.dusays.com/2022/05/21/62890bb070291.gif",
    "33": "https://bu.dusays.com/2022/05/21/62890ba958922.gif",
    "34": "https://bu.dusays.com/2022/05/21/62890babe5a91.gif",
    "35": "https://bu.dusays.com/2022/05/21/62890bb287519.gif",
    "36": "https://bu.dusays.com/2021/01/15/0e18c10485931.gif",
    "37": "https://bu.dusays.com/2022/05/21/62890c2ab248b.gif",
    "38": "https://bu.dusays.com/2022/05/21/62890c2cd6a38.gif",
    "39": "https://bu.dusays.com/2021/01/15/9241b131f6d52.gif",
    "40": "https://bu.dusays.com/2022/05/21/62890c3ba391f.gif",
    "41": "https://bu.dusays.com/2022/05/21/62890c1852794.gif",
    "42": "https://bu.dusays.com/2021/01/15/0c1d65cad7ddd.gif",
    "43": "https://bu.dusays.com/2022/05/21/62890c3ce1194.gif",
    "44": "https://bu.dusays.com/2022/05/21/62890c191c60d.gif",
    "45": "https://bu.dusays.com/2021/01/15/66d92d3ff3297.gif",
    "46": "https://bu.dusays.com/2021/01/15/713aae4354061.gif",
    "47": "https://bu.dusays.com/2022/05/21/62890c1ad9897.gif",
    "48": "https://bu.dusays.com/2022/05/21/62890c56e5ffe.gif",
    "49": "https://bu.dusays.com/2022/05/21/62890c5a9f531.gif",
    "50": "https://bu.dusays.com/2022/05/21/62890c60b7326.gif",
    "51": "https://bu.dusays.com/2021/01/15/4b474c7966afe.gif",
    "52": "https://bu.dusays.com/2021/01/15/a7c1a56b40a72.gif",
    "53": "https://bu.dusays.com/2021/01/15/d58b434fe8acf.gif",
    "54": "https://bu.dusays.com/2021/01/15/e7477cbce1c30.gif",
    "55": "https://bu.dusays.com/2021/01/15/fc97eaa6e5853.gif",
    "56": "https://bu.dusays.com/2022/05/21/62890c68916a7.gif",
    "57": "https://bu.dusays.com/2021/01/15/28812822c01aa.gif",
    "58": "https://bu.dusays.com/2021/01/15/7997817d2503d.gif",
    "59": "https://bu.dusays.com/2021/01/15/805daa7195f2c.gif",
    "60": "https://bu.dusays.com/2021/01/15/9a92f54aca20d.gif",
    "61": "https://bu.dusays.com/2022/05/22/62890cdc0850f.gif",
    "62": "https://bu.dusays.com/2022/05/22/62890cde577ce.gif",
    "63": "https://bu.dusays.com/2022/05/22/62890ce0b3f5d.gif",
    "64": "https://bu.dusays.com/2022/05/22/62890ce292436.gif",
    "65": "https://bu.dusays.com/2021/01/15/87f81ce1fd008.gif",
    "66": "https://bu.dusays.com/2022/05/22/62890cc230975.gif",
    "67": "https://bu.dusays.com/2021/01/15/8c5b85d3cd3c7.gif",
    "68": "https://bu.dusays.com/2021/01/15/d927193fcff8c.gif",
    "69": "https://bu.dusays.com/2021/01/15/b95de272e27ba.gif",
    "70": "https://bu.dusays.com/2022/05/22/62890ca6110a2.gif",
    "71": "https://bu.dusays.com/2022/05/22/62890ca8143ad.gif",
    "72": "https://bu.dusays.com/2022/05/22/62890caa43c48.gif",
    "73": "https://bu.dusays.com/2022/05/22/62890cac4dfeb.gif",
    "74": "https://bu.dusays.com/2022/05/22/62890cb3abbc1.gif",
    "75": "https://bu.dusays.com/2022/05/22/62890cb58fdfd.gif",
    "76": "https://bu.dusays.com/2022/05/22/62890cc0b219a.gif",
    "77": "https://bu.dusays.com/2022/05/22/62890cce7eb6b.gif",
    "78": "https://bu.dusays.com/2022/05/22/62890ccfe322e.gif",
    "79": "https://bu.dusays.com/2022/05/22/62890cd16dd8c.gif",
    "80": "https://bu.dusays.com/2022/05/22/62890cd358d9f.gif",
    "81": "https://bu.dusays.com/2022/05/22/62890cd4a0d3a.gif",
    "82": "https://bu.dusays.com/2022/05/22/62890cd776127.gif",
    "83": "https://bu.dusays.com/2021/01/15/d49b581e203cb.gif",
    "84": "https://bu.dusays.com/2022/05/22/62890d6e56e70.gif",
    "85": "https://bu.dusays.com/2022/05/22/62890d88dadf1.gif",
    "86": "https://bu.dusays.com/2022/05/22/62890d8b27dcf.gif",
    "87": "https://bu.dusays.com/2022/05/22/62890d8e94b8d.gif",
    "88": "https://bu.dusays.com/2022/05/22/62890cfbbfdf5.gif",
    "89": "https://bu.dusays.com/2022/05/22/62890d0f86d1f.gif",
    "90": "https://bu.dusays.com/2022/05/22/62890cfd29b5a.gif",
    "91": "https://bu.dusays.com/2022/05/22/62890d0dce475.gif",
    "92": "https://bu.dusays.com/2022/05/22/62890d10e999b.gif",
    "93": "https://bu.dusays.com/2022/05/22/62890d1280a57.gif",
    "94": "https://bu.dusays.com/2022/05/22/62890d1908bcb.gif",
    "95": "https://bu.dusays.com/2022/05/22/62890d1f9ef54.gif",
    "96": "https://bu.dusays.com/2022/05/22/62890d2123743.gif",
    "97": "https://bu.dusays.com/2022/05/22/62890d2297d9a.gif",
    "98": "https://bu.dusays.com/2021/01/15/3b6ed67c2a54f.gif",
    "99": "https://bu.dusays.com/2022/05/22/62890d26554ff.gif",
    "100": "https://bu.dusays.com/2022/05/22/62890d2888a1b.gif",
    "101": "https://bu.dusays.com/2022/05/22/62890d2a8da34.gif",
    "102": "https://bu.dusays.com/2022/05/22/62890d4f94cb2.gif",
    "103": "https://bu.dusays.com/2022/05/22/62890d5f14ac2.gif",
    "104": "https://bu.dusays.com/2022/05/22/62890d60434ae.gif",
    "105": "https://bu.dusays.com/2022/05/22/62890d61e61ee.gif",
    "106": "https://bu.dusays.com/2022/05/22/62890d6640a19.gif",
    "107": "https://bu.dusays.com/2022/05/22/62890d674fae3.gif",
    "108": "https://bu.dusays.com/2022/05/22/62890dd3aa459.gif",
    "109": "https://bu.dusays.com/2021/01/15/6b959f0e83bbb.gif",
    "110": "https://bu.dusays.com/2021/01/15/cbd1fc6ade730.gif",
    "111": "https://bu.dusays.com/2021/01/15/e32ed216e81e8.gif",
    "112": "https://bu.dusays.com/2021/01/15/f680f2639d9ae.gif",
    "113": "https://bu.dusays.com/2021/01/15/16830bae9b7ab.gif",
    "114": "https://bu.dusays.com/2021/01/15/907af163812f4.gif",
    "115": "https://bu.dusays.com/2021/01/15/7997817d2503d.gif",
    "116": "https://bu.dusays.com/2021/01/15/fac5675efa0e1.gif",
    "117": "https://bu.dusays.com/2021/01/15/d07f738e4c604.gif",
    "118": "https://bu.dusays.com/2022/05/22/62890dafd1c01.gif",
    "119": "https://bu.dusays.com/2021/01/15/f0b5dae50d7b6.gif",
    "120": "https://bu.dusays.com/2021/01/15/7f9581a4af35f.gif",
    "121": "https://bu.dusays.com/2021/01/15/667b3c4bc1bc8.gif",
    "122": "https://bu.dusays.com/2021/01/15/69386ba3437cc.gif",
    "123": "https://bu.dusays.com/2021/01/15/6b8ef181a5aa2.gif",
    "124": "https://bu.dusays.com/2021/01/15/3cde111610151.gif",
    "125": "https://bu.dusays.com/2021/01/15/6f6d89214d8b3.gif",
    "126": "https://bu.dusays.com/2021/01/15/940b26f3bd37a.gif",
    "127": "https://bu.dusays.com/2021/01/15/bd7f7f21e3fe0.gif",
    "128": "https://bu.dusays.com/2021/01/15/b4c458b5a8621.gif",
    "129": "https://bu.dusays.com/2021/01/15/b95de272e27ba.gif",
    "130": "https://bu.dusays.com/2021/01/15/d927193fcff8c.gif",
    "131": "https://bu.dusays.com/2021/01/15/391a1103dace4.gif",
    "132": "https://bu.dusays.com/2021/01/15/fc3602298f0f1.gif",
    "133": "https://bu.dusays.com/2021/01/15/33017fe6c64c1.gif",
    "134": "https://bu.dusays.com/2021/01/15/1d3f0e3415090.gif",
    "135": "https://bu.dusays.com/2021/01/15/e302919641d8c.gif",
    "136": "https://bu.dusays.com/2021/01/15/e60ff59529091.gif",
    "137": "https://bu.dusays.com/2021/01/15/8e07d67cccc64.gif",
    "138": "https://bu.dusays.com/2021/01/15/b012f7df8af71.gif",
    "139": "https://bu.dusays.com/2021/01/15/6824a0ac0138e.gif",
    "140": "https://bu.dusays.com/2021/01/15/b5f5bbc92b0eb.gif",
    "141": "https://bu.dusays.com/2021/01/15/a7c1a56b40a72.gif",
    "142": "https://bu.dusays.com/2021/01/15/6055240f4f3ec.gif",
    "143": "https://bu.dusays.com/2021/01/15/e5e01f51d3397.gif",
    "144": "https://bu.dusays.com/2022/05/22/62890edeb64d6.gif",
    "145": "https://bu.dusays.com/2022/05/22/62890ee12c59c.gif",
    "146": "https://bu.dusays.com/2022/05/22/62890ee4640b7.gif",
    "147": "https://bu.dusays.com/2022/05/22/62890ee619d7c.gif",
    "148": "https://bu.dusays.com/2022/05/22/62890ee819273.gif",
    "149": "https://bu.dusays.com/2022/05/22/62890ee9eaf2f.gif",
    "150": "https://bu.dusays.com/2022/05/22/62890eedb3a9a.gif",
    "151": "https://bu.dusays.com/2022/05/22/62890eee8174b.gif",
    "152": "https://bu.dusays.com/2022/05/22/62890ef0b2dca.gif",
    "153": "https://bu.dusays.com/2022/05/22/62890ef1a1a7c.gif",
    "154": "https://bu.dusays.com/2022/05/22/62890ef3890bd.gif",
    "155": "https://bu.dusays.com/2022/05/22/62890ef48e82a.gif",
    "156": "https://bu.dusays.com/2022/05/22/6289104697cae.gif",
    "157": "https://bu.dusays.com/2022/05/22/628910477735a.gif",
    "158": "https://bu.dusays.com/2022/05/22/6289104917c61.gif",
    "159": "https://bu.dusays.com/2022/05/22/6289105038131.gif",
    "160": "https://bu.dusays.com/2022/05/22/62891052674b8.gif",
    "161": "https://bu.dusays.com/2022/05/22/62890f8caea3d.gif",
    "162": "https://bu.dusays.com/2022/05/22/62890f9315046.gif",
    "163": "https://bu.dusays.com/2022/05/22/62890f93a4658.gif",
    "164": "https://bu.dusays.com/2022/05/22/62890f9541f07.gif",
    "165": "https://bu.dusays.com/2022/05/22/62890ff0d753d.gif",
    "166": "https://bu.dusays.com/2022/05/22/62890ff7b4848.gif",
    "167": "https://bu.dusays.com/2022/05/22/62890ffe82061.gif",
    "168": "https://bu.dusays.com/2022/05/22/62891002bb2d5.gif",
    "169": "https://bu.dusays.com/2022/05/22/628910037c74d.gif",
    "170": "https://bu.dusays.com/2022/05/22/62891004ca848.gif",
    "171": "https://bu.dusays.com/2022/05/22/62890f9767042.gif",
    "172": "https://bu.dusays.com/2022/05/22/62890f98835fc.gif",
    "173": "https://bu.dusays.com/2022/05/22/62890f9c0d7ff.gif",
    "174": "https://bu.dusays.com/2022/05/22/62890f9ca8dad.gif",
    "175": "https://bu.dusays.com/2022/05/22/62890fa3aead8.gif",
    "176": "https://bu.dusays.com/2022/05/22/62890fa6b6701.gif",
    "177": "https://bu.dusays.com/2022/05/22/62890fe27c613.gif",
    "178": "https://bu.dusays.com/2022/05/22/62890fe30c8c0.gif",
    "179": "https://bu.dusays.com/2022/05/22/62890fe4a12d0.gif",
    "180": "https://bu.dusays.com/2022/05/22/62890fe6640f6.gif",
    "181": "https://bu.dusays.com/2022/05/22/62890fed56407.gif",
    "182": "https://bu.dusays.com/2022/05/22/62890fef22e75.gif",
    "183": "https://bu.dusays.com/2021/01/15/f771c3e2ebce6.gif",
    "184": "https://bu.dusays.com/2021/01/15/1b129a5eeee94.gif",
    "185": "https://bu.dusays.com/2021/01/15/f485dd61e6ae7.gif",
    "186": "https://bu.dusays.com/2021/01/15/7ac4c7b7a5ebf.gif",
    "187": "https://bu.dusays.com/2021/01/15/8717659515b30.gif",
    "188": "https://bu.dusays.com/2021/01/15/731cad82d4856.gif",
    "189": "https://bu.dusays.com/2021/01/15/898b7bcd7e887.gif",
    "190": "https://bu.dusays.com/2021/01/15/6223952a4197f.gif",
    "191": "https://bu.dusays.com/2022/05/22/6289107decbdd.gif",
    "192": "https://bu.dusays.com/2022/05/22/628910f9ebe07.gif",
    "193": "https://bu.dusays.com/2021/01/15/8d4df30c31631.gif",
    "194": "https://bu.dusays.com/2021/01/15/39708ccd71a95.gif",
    "195": "https://bu.dusays.com/2022/05/22/62891081f394d.gif",
    "196": "https://bu.dusays.com/2022/05/22/6289108930fbd.gif",
    "197": "https://bu.dusays.com/2022/05/22/628910afe8353.gif",
    "198": "https://bu.dusays.com/2022/05/22/628910b23243d.gif",
    "199": "https://bu.dusays.com/2022/05/22/628910b394edc.gif",
    "200": "https://bu.dusays.com/2022/05/22/628910bcc6380.gif",
    "201": "https://bu.dusays.com/2022/05/22/628910beed937.gif",
    "202": "https://bu.dusays.com/2022/05/22/628910c80c27d.gif",
    "203": "https://bu.dusays.com/2022/05/22/628910c8d0029.gif",
    "204": "https://bu.dusays.com/2022/05/22/628910ca9e9fa.gif",
    "205": "https://bu.dusays.com/2022/05/22/628910cc74763.gif",
    "206": "https://bu.dusays.com/2022/05/22/628910d2cbdbc.gif",
    "207": "https://bu.dusays.com/2021/01/15/8708ed000df31.gif",
    "bili_tv_gif_黑人问号": "https://bu.dusays.com/2021/01/15/48f24129bf37c.gif",
    "bili_tv_gif_抓狂": "https://bu.dusays.com/2021/01/15/a9a2816b47155.gif",
    "bili_tv_gif_再见": "https://bu.dusays.com/2021/01/15/8252ffdb2cd6c.gif",
    "bili_tv_gif_晕": "https://bu.dusays.com/2021/01/15/3c1ec79da1798.gif",
    "bili_tv_gif_疑问": "https://bu.dusays.com/2021/01/15/5df1be7cebfcc.gif",
    "bili_tv_gif_斜眼笑": "https://bu.dusays.com/2021/01/15/ef02f8604d8da.gif",
    "bili_tv_gif_笑哭": "https://bu.dusays.com/2021/01/15/6c2742bef700b.gif",
    "bili_tv_gif_无奈": "https://bu.dusays.com/2021/01/15/34f110a029e9f.gif",
    "bili_tv_gif_委屈": "https://bu.dusays.com/2021/01/15/bb706ad009ca3.gif",
    "bili_tv_gif_微笑": "https://bu.dusays.com/2021/01/15/ae8b966f5d6dd.gif",
    "bili_tv_gif_吐血": "https://bu.dusays.com/2021/01/15/825e474035d41.gif",
    "bili_tv_gif_偷笑": "https://bu.dusays.com/2021/01/15/f7272fe624fae.gif",
    "bili_tv_gif_思考": "https://bu.dusays.com/2021/01/15/4779160502ea4.gif",
    "bili_tv_gif_睡着": "https://bu.dusays.com/2021/01/15/fde17be95e29a.gif",
    "bili_tv_gif_生气": "https://bu.dusays.com/2021/01/15/52386ddb3e00b.gif",
    "bili_tv_gif_生病": "https://bu.dusays.com/2021/01/15/a196e70f1892d.gif",
    "bili_tv_gif_色": "https://bu.dusays.com/2021/01/15/f75d5f33ae1df.gif",
    "bili_tv_gif_亲亲": "https://bu.dusays.com/2021/01/15/48f8fb39734fd.gif",
    "bili_tv_gif_呕吐": "https://bu.dusays.com/2021/01/15/e84d2b2f164d5.gif",
    "bili_tv_gif_难过": "https://bu.dusays.com/2021/01/15/7535d32a53d50.gif",
    "bili_tv_gif_腼腆": "https://bu.dusays.com/2021/01/15/c23c85b649289.gif",
    "bili_tv_gif_流汗": "https://bu.dusays.com/2021/01/15/f8476b1819899.gif",
    "bili_tv_gif_流鼻血": "https://bu.dusays.com/2021/01/15/0c7f2fc4aa9ac.gif",
    "bili_tv_gif_困": "https://bu.dusays.com/2021/01/15/1ebb4265e35d6.gif",
    "bili_tv_gif_抠鼻子": "https://bu.dusays.com/2021/01/15/da0e09a7df77c.gif",
    "bili_tv_gif_可爱": "https://bu.dusays.com/2021/01/15/df742ca600b6f.gif",
    "bili_tv_gif_惊吓": "https://bu.dusays.com/2021/01/15/cf308976cfcff.gif",
    "bili_tv_gif_坏笑": "https://bu.dusays.com/2021/01/15/0d4b84c868ac1.gif",
    "bili_tv_gif_害羞": "https://bu.dusays.com/2021/01/15/6783d7b3f85b5.gif",
    "bili_tv_gif_鼓掌": "https://bu.dusays.com/2021/01/15/d7e60de1a2e5b.gif",
    "bili_tv_gif_尴尬": "https://bu.dusays.com/2021/01/15/94fde68114d10.gif",
    "bili_tv_gif_发怒": "https://bu.dusays.com/2021/01/15/6fc804d102f33.gif",
    "bili_tv_gif_发财": "https://bu.dusays.com/2021/01/15/934731e956a6d.gif",
    "bili_tv_gif_调皮": "https://bu.dusays.com/2021/01/15/1d06267e48ecb.gif",
    "bili_tv_gif_点赞": "https://bu.dusays.com/2021/01/15/3a52c830b19d1.gif",
    "bili_tv_gif_呆": "https://bu.dusays.com/2021/01/15/dc01b83c8b63c.gif",
    "bili_tv_gif_大佬": "https://bu.dusays.com/2021/01/15/554bc754252fb.gif",
    "bili_tv_gif_大哭": "https://bu.dusays.com/2021/01/15/a61cf83e2a393.gif",
    "bili_tv_gif_打脸": "https://bu.dusays.com/2021/01/15/1e73ac65adedb.gif",
    "bili_tv_gif_馋": "https://bu.dusays.com/2021/01/15/13375b80ddacb.gif",
    "bili_tv_gif_闭嘴": "https://bu.dusays.com/2021/01/15/1f90ef05d7af2.gif",
    "bili_tv_gif_鄙视": "https://bu.dusays.com/2021/01/15/5696d02abd653.gif",
    "bili_tv_gif_白眼": "https://bu.dusays.com/2021/01/15/dde92b9d44d0a.gif",
    "bili_tv_gif_doge": "https://bu.dusays.com/2021/01/15/3de5568861758.gif",
    "menhera-chan_SR_14": "https://bu.dusays.com/2022/05/22/6289ec057ea29.jpg",
    "menhera-chan_SR_31": "https://bu.dusays.com/2022/05/22/6289f6f072149.jpg",
    "menhera-chan_SR_6": "https://bu.dusays.com/2022/05/22/6289ebed39e45.jpg",
    "menhera-chan_SR_86": "https://bu.dusays.com/2022/05/22/6289f817a11c4.jpg",
    "menhera-chan_SR_46": "https://bu.dusays.com/2022/05/22/6289f7323db1d.jpg",
    "menhera-chan_SR_22": "https://bu.dusays.com/2022/05/22/6289ec16b4eff.jpg",
    "menhera-chan_SR_23": "https://bu.dusays.com/2022/05/22/6289ec18a4e1f.jpg",
    "menhera-chan_SR_102": "https://bu.dusays.com/2022/05/22/6289f86ab630c.jpg",
    "menhera-chan_SR_101": "https://bu.dusays.com/2022/05/22/6289f8691c4fb.jpg",
    "menhera-chan_SR_8": "https://bu.dusays.com/2022/05/22/6289ebf1b9fda.jpg",
    "menhera-chan_SR_61": "https://bu.dusays.com/2022/05/22/6289f7a7d21ca.jpg",
    "menhera-chan_SR_45": "https://bu.dusays.com/2022/05/22/6289f7246ccd2.jpg",
    "menhera-chan_SR_34": "https://bu.dusays.com/2022/05/22/6289f6f848dcb.jpg",
    "menhera-chan_SR_54": "https://bu.dusays.com/2022/05/22/6289f79c30031.jpg",
    "menhera-chan_SR_47": "https://bu.dusays.com/2022/05/22/6289f734a6b27.jpg",
    "menhera-chan_SR_77": "https://bu.dusays.com/2022/05/22/6289f801cedf1.jpg",
    "menhera-chan_SR_79": "https://bu.dusays.com/2022/05/22/6289f804a36d4.jpg",
    "menhera-chan_SR_21": "https://bu.dusays.com/2022/05/22/6289ec15a6149.jpg",
    "menhera-chan_SR_18": "https://bu.dusays.com/2022/05/22/6289ec100a87b.jpg",
    "menhera-chan_SR_88": "https://bu.dusays.com/2022/05/22/6289f81c79996.jpg",
    "menhera-chan_SR_53": "https://bu.dusays.com/2022/05/22/6289f79a74e2f.jpg",
    "menhera-chan_SR_53(1)": "https://bu.dusays.com/2022/05/22/6289f79339bce.jpg",
    "menhera-chan_SR_41": "https://bu.dusays.com/2022/05/22/6289f713e8ce7.jpg",
    "menhera-chan_SR_62": "https://bu.dusays.com/2022/05/22/6289f7aa7d5ef.jpg",
    "menhera-chan_SR_65": "https://bu.dusays.com/2022/05/22/6289f7ae2b1a7.jpg",
    "menhera-chan_SR_64": "https://bu.dusays.com/2022/05/22/6289f7ac9979e.jpg",
    "menhera-chan_SR_63": "https://bu.dusays.com/2022/05/22/6289f7ab3b579.jpg",
    "menhera-chan_SR_60": "https://bu.dusays.com/2022/05/22/6289f7a6a7c24.jpg",
    "menhera-chan_SR_59": "https://bu.dusays.com/2022/05/22/6289f7a4a8638.jpg",
    "menhera-chan_SR_58": "https://bu.dusays.com/2022/05/22/6289f7a33075b.jpg",
    "menhera-chan_SR_57": "https://bu.dusays.com/2022/05/22/6289f7a14fbb9.jpg",
    "menhera-chan_SR_56": "https://bu.dusays.com/2022/05/22/6289f79eec269.jpg",
    "menhera-chan_SR_55": "https://bu.dusays.com/2022/05/22/6289f79d98827.jpg",
    "menhera-chan_SR_52": "https://bu.dusays.com/2022/05/22/6289f790702a4.jpg",
    "menhera-chan_SR_51": "https://bu.dusays.com/2022/05/22/6289f78d95328.jpg",
    "menhera-chan_SR_50": "https://bu.dusays.com/2022/05/22/6289f78928548.jpg",
    "menhera-chan_SR_49": "https://bu.dusays.com/2022/05/22/6289f7860e8cc.jpg",
    "menhera-chan_SR_48": "https://bu.dusays.com/2022/05/22/6289f7822c3b9.jpg",
    "menhera-chan_SR_44": "https://bu.dusays.com/2022/05/22/6289f71dbbfc2.jpg",
    "menhera-chan_SR_43": "https://bu.dusays.com/2022/05/22/6289f71759d1c.jpg",
    "menhera-chan_SR_42": "https://bu.dusays.com/2022/05/22/6289f715dacdd.jpg",
    "menhera-chan_SR_40": "https://bu.dusays.com/2022/05/22/6289f713229aa.jpg",
    "menhera-chan_SR_39": "https://bu.dusays.com/2022/05/22/6289f70c1843e.jpg",
    "menhera-chan_SR_38": "https://bu.dusays.com/2022/05/22/6289f70b240fd.jpg",
    "menhera-chan_SR_37": "https://bu.dusays.com/2022/05/22/6289f708a45dd.jpg",
    "menhera-chan_SR_36": "https://bu.dusays.com/2022/05/22/6289f70098102.jpg",
    "menhera-chan_SR_35": "https://bu.dusays.com/2022/05/22/6289f6feccac5.jpg",
    "menhera-chan_SR_33": "https://bu.dusays.com/2022/05/22/6289f6f4c352b.jpg",
    "menhera-chan_SR_32": "https://bu.dusays.com/2022/05/22/6289f6f230922.jpg",
    "menhera-chan_SR_30": "https://bu.dusays.com/2022/05/22/6289f6ed8a377.jpg",
    "menhera-chan_SR_29": "https://bu.dusays.com/2022/05/22/6289f692b3291.jpg",
    "menhera-chan_SR_28": "https://bu.dusays.com/2022/05/22/6289f692b3620.jpg",
    "menhera-chan_SR_27": "https://bu.dusays.com/2022/05/22/6289edcf7daba.jpg",
    "menhera-chan_SR_26": "https://bu.dusays.com/2022/05/22/6289edcd7a7f5.jpg",
    "menhera-chan_SR_25": "https://bu.dusays.com/2022/05/22/6289edcd7a625.jpg",
    "menhera-chan_SR_24": "https://bu.dusays.com/2022/05/22/6289ec1ae7b4a.jpg",
    "menhera-chan_SR_20": "https://bu.dusays.com/2022/05/22/6289ec133935b.jpg",
    "menhera-chan_SR_19": "https://bu.dusays.com/2022/05/22/6289ec11bcba8.jpg",
    "menhera-chan_SR_17": "https://bu.dusays.com/2022/05/22/6289ec0e647f7.jpg",
    "menhera-chan_SR_16": "https://bu.dusays.com/2022/05/22/6289ec0cf11c0.jpg",
    "menhera-chan_SR_15": "https://bu.dusays.com/2022/05/22/6289ec0906ec1.jpg",
    "menhera-chan_SR_13": "https://bu.dusays.com/2022/05/22/6289ec0323647.jpg",
    "menhera-chan_SR_12": "https://bu.dusays.com/2022/05/22/6289ec0152932.jpg",
    "menhera-chan_SR_11": "https://bu.dusays.com/2022/05/22/6289ebff0fc53.jpg",
    "menhera-chan_SR_10": "https://bu.dusays.com/2022/05/22/6289ebf80a9fd.jpg",
    "menhera-chan_SR_9": "https://bu.dusays.com/2022/05/22/6289ebf786b09.jpg",
    "menhera-chan_SR_7": "https://bu.dusays.com/2022/05/22/6289ebf0ec9c3.jpg",
    "menhera-chan_SR_5": "https://bu.dusays.com/2022/05/22/6289ebc36d69d.jpg",
    "menhera-chan_SR_4": "https://bu.dusays.com/2022/05/22/6289ebc4485c3.jpg",
    "menhera-chan_SR_3": "https://bu.dusays.com/2022/05/22/6289ebc0900fa.jpg",
    "menhera-chan_SR_2": "https://bu.dusays.com/2022/05/22/6289ebbde8778.jpg",
    "menhera-chan_SR_1": "https://bu.dusays.com/2022/05/22/6289ebbb382c9.jpg",
    "menhera-chan_SR_120": "https://bu.dusays.com/2022/05/22/6289f884179a0.jpg",
    "menhera-chan_SR_119": "https://bu.dusays.com/2022/05/22/6289f882ab215.jpg",
    "menhera-chan_SR_118": "https://bu.dusays.com/2022/05/22/6289f8813bec6.jpg",
    "menhera-chan_SR_117": "https://bu.dusays.com/2022/05/22/6289f87ff3cf4.jpg",
    "menhera-chan_SR_116": "https://bu.dusays.com/2022/05/22/6289f87e97542.jpg",
    "menhera-chan_SR_115": "https://bu.dusays.com/2022/05/22/6289f87d5c10f.jpg",
    "menhera-chan_SR_114": "https://bu.dusays.com/2022/05/22/6289f87c06607.jpg",
    "menhera-chan_SR_113": "https://bu.dusays.com/2022/05/22/6289f87a8edbf.jpg",
    "menhera-chan_SR_112": "https://bu.dusays.com/2022/05/22/6289f8792e2d7.jpg",
    "menhera-chan_SR_111": "https://bu.dusays.com/2022/05/22/6289f877cede7.jpg",
    "menhera-chan_SR_110": "https://bu.dusays.com/2022/05/22/6289f87679ded.jpg",
    "menhera-chan_SR_108": "https://bu.dusays.com/2022/05/22/6289f873b4e47.jpg",
    "menhera-chan_SR_107": "https://bu.dusays.com/2022/05/22/6289f8722263d.jpg",
    "menhera-chan_SR_105": "https://bu.dusays.com/2022/05/22/6289f86f030a3.jpg",
    "menhera-chan_SR_104": "https://bu.dusays.com/2022/05/22/6289f86db4801.jpg",
    "menhera-chan_SR_103": "https://bu.dusays.com/2022/05/22/6289f86c6bf2b.jpg",
    "menhera-chan_SR_100": "https://bu.dusays.com/2022/05/22/6289f86783efc.jpg",
    "menhera-chan_SR_99": "https://bu.dusays.com/2022/05/22/6289f865a8779.jpg",
    "menhera-chan_SR_98": "https://bu.dusays.com/2022/05/22/6289f86420e25.jpg",
    "menhera-chan_SR_97": "https://bu.dusays.com/2022/05/22/6289f862c38d1.jpg",
    "menhera-chan_SR_96": "https://bu.dusays.com/2022/05/22/6289f85fc1ee4.jpg",
    "menhera-chan_SR_95": "https://bu.dusays.com/2022/05/22/6289f85fbb4ef.jpg",
    "menhera-chan_SR_94": "https://bu.dusays.com/2022/05/22/6289f82bd86cc.jpg",
    "menhera-chan_SR_93": "https://bu.dusays.com/2022/05/22/6289f82a9f3d6.jpg",
    "menhera-chan_SR_92": "https://bu.dusays.com/2022/05/22/6289f828bbb70.jpg",
    "menhera-chan_SR_91": "https://bu.dusays.com/2022/05/22/6289f827588fe.jpg",
    "menhera-chan_SR_90": "https://bu.dusays.com/2022/05/22/6289f825db043.jpg",
    "menhera-chan_SR_89": "https://bu.dusays.com/2022/05/22/6289f8252e344.jpg",
    "menhera-chan_SR_87": "https://bu.dusays.com/2022/05/22/6289f81be118f.jpg",
    "menhera-chan_SR_85": "https://bu.dusays.com/2022/05/22/6289f8159ae78.jpg",
    "menhera-chan_SR_84": "https://bu.dusays.com/2022/05/22/6289f813746f0.jpg",
    "menhera-chan_SR_83": "https://bu.dusays.com/2022/05/22/6289f8126d0ee.jpg",
    "menhera-chan_SR_82": "https://bu.dusays.com/2022/05/22/6289f80f43e0f.jpg",
    "menhera-chan_SR_81": "https://bu.dusays.com/2022/05/22/6289f80ea83af.jpg",
    "menhera-chan_SR_80": "https://bu.dusays.com/2022/05/22/6289f8062a403.jpg",
    "menhera-chan_SR_78": "https://bu.dusays.com/2022/05/22/6289f8032bb1a.jpg",
    "menhera-chan_SR_76": "https://bu.dusays.com/2022/05/22/6289f8006353a.jpg",
    "menhera-chan_SR_75": "https://bu.dusays.com/2022/05/22/6289f7fece9ca.jpg",
    "menhera-chan_SR_74": "https://bu.dusays.com/2022/05/22/6289f7fe8ce07.jpg",
    "menhera-chan_SR_73": "https://bu.dusays.com/2022/05/22/6289f7f28a1bb.jpg",
    "menhera-chan_SR_72": "https://bu.dusays.com/2022/05/22/6289f7f144d1f.jpg",
    "menhera-chan_SR_71": "https://bu.dusays.com/2022/05/22/6289f7ebbab8e.jpg",
    "menhera-chan_SR_70": "https://bu.dusays.com/2022/05/22/6289f7b6502a5.jpg",
    "menhera-chan_SR_69": "https://bu.dusays.com/2022/05/22/6289f7b40bbb4.jpg",
    "menhera-chan_SR_68": "https://bu.dusays.com/2022/05/22/6289f7b24e3c1.jpg",
    "menhera-chan_SR_67": "https://bu.dusays.com/2022/05/22/6289f7b0bb880.jpg",
    "menhera-chan_SR_66": "https://bu.dusays.com/2022/05/22/6289f7af54eef.jpg"
}