{
    "1": "https://fastly.jsdelivr.net/gh/tzy13755126023/emotion/qq_2020f/1.gif",
    "2": "https://fastly.jsdelivr.net/gh/tzy13755126023/emotion/qq_2020f/2.gif",
    "3": "https://fastly.jsdelivr.net/gh/tzy13755126023/emotion/qq_2020f/3.gif",
    "4": "https://fastly.jsdelivr.net/gh/tzy13755126023/emotion/qq_2020f/4.gif",
    "5": "https://fastly.jsdelivr.net/gh/tzy13755126023/emotion/qq_2020f/5.gif",
    "6": "https://fastly.jsdelivr.net/gh/tzy13755126023/emotion/qq_2020f/6.gif",
    "7": "https://fastly.jsdelivr.net/gh/tzy13755126023/emotion/qq_2020f/7.gif",
    "8": "https://fastly.jsdelivr.net/gh/tzy13755126023/emotion/qq_2020f/8.gif",
    "9": "https://fastly.jsdelivr.net/gh/tzy13755126023/emotion/qq_2020f/9.gif",
    "10": "https://fastly.jsdelivr.net/gh/tzy13755126023/emotion/qq_2020f/10.gif",
    "11": "https://fastly.jsdelivr.net/gh/tzy13755126023/emotion/qq_2020f/11.gif",
    "12": "https://fastly.jsdelivr.net/gh/tzy13755126023/emotion/qq_2020f/12.gif",
    "13": "https://fastly.jsdelivr.net/gh/tzy13755126023/emotion/qq_2020f/13.gif",
    "14": "https://fastly.jsdelivr.net/gh/tzy13755126023/emotion/qq_2020f/14.gif",
    "15": "https://fastly.jsdelivr.net/gh/tzy13755126023/emotion/qq_2020f/15.gif",
    "16": "https://fastly.jsdelivr.net/gh/tzy13755126023/emotion/qq_2020f/16.gif",
    "17": "https://fastly.jsdelivr.net/gh/tzy13755126023/emotion/qq_2020f/17.gif",
    "18": "https://fastly.jsdelivr.net/gh/tzy13755126023/emotion/qq_2020f/18.gif",
    "19": "https://fastly.jsdelivr.net/gh/tzy13755126023/emotion/qq_2020f/19.gif",
    "20": "https://fastly.jsdelivr.net/gh/tzy13755126023/emotion/qq_2020f/20.gif",
    "21": "https://fastly.jsdelivr.net/gh/tzy13755126023/emotion/qq_2020f/21.gif",
    "22": "https://fastly.jsdelivr.net/gh/tzy13755126023/emotion/qq_2020f/22.gif",
    "23": "https://fastly.jsdelivr.net/gh/tzy13755126023/emotion/qq_2020f/23.gif",
    "24": "https://fastly.jsdelivr.net/gh/tzy13755126023/emotion/qq_2020f/24.gif",
    "25": "https://fastly.jsdelivr.net/gh/tzy13755126023/emotion/qq_2020f/25.gif",
    "26": "https://fastly.jsdelivr.net/gh/tzy13755126023/emotion/qq_2020f/26.gif",
    "27": "https://fastly.jsdelivr.net/gh/tzy13755126023/emotion/qq_2020f/27.gif",
    "28": "https://fastly.jsdelivr.net/gh/tzy13755126023/emotion/qq_2020f/28.gif",
    "29": "https://fastly.jsdelivr.net/gh/tzy13755126023/emotion/qq_2020f/29.gif",
    "30": "https://fastly.jsdelivr.net/gh/tzy13755126023/emotion/qq_2020f/30.gif",
    "31": "https://fastly.jsdelivr.net/gh/tzy13755126023/emotion/qq_2020f/31.gif",
    "32": "https://fastly.jsdelivr.net/gh/tzy13755126023/emotion/qq_2020f/32.gif",
    "33": "https://fastly.jsdelivr.net/gh/tzy13755126023/emotion/qq_2020f/33.gif",
    "34": "https://fastly.jsdelivr.net/gh/tzy13755126023/emotion/qq_2020f/34.gif",
    "35": "https://fastly.jsdelivr.net/gh/tzy13755126023/emotion/qq_2020f/35.gif",
    "36": "https://fastly.jsdelivr.net/gh/tzy13755126023/emotion/qq_2020f/36.gif",
    "37": "https://fastly.jsdelivr.net/gh/tzy13755126023/emotion/qq_2020f/37.gif",
    "38": "https://fastly.jsdelivr.net/gh/tzy13755126023/emotion/qq_2020f/38.gif",
    "39": "https://fastly.jsdelivr.net/gh/tzy13755126023/emotion/qq_2020f/39.gif",
    "40": "https://fastly.jsdelivr.net/gh/tzy13755126023/emotion/qq_2020f/40.gif",
    "41": "https://fastly.jsdelivr.net/gh/tzy13755126023/emotion/qq_2020f/41.gif",
    "42": "https://fastly.jsdelivr.net/gh/tzy13755126023/emotion/qq_2020f/42.gif",
    "43": "https://fastly.jsdelivr.net/gh/tzy13755126023/emotion/qq_2020f/43.gif",
    "44": "https://fastly.jsdelivr.net/gh/tzy13755126023/emotion/qq_2020f/44.gif",
    "45": "https://fastly.jsdelivr.net/gh/tzy13755126023/emotion/qq_2020f/45.gif",
    "46": "https://fastly.jsdelivr.net/gh/tzy13755126023/emotion/qq_2020f/46.gif",
    "47": "https://fastly.jsdelivr.net/gh/tzy13755126023/emotion/qq_2020f/47.gif",
    "48": "https://fastly.jsdelivr.net/gh/tzy13755126023/emotion/qq_2020f/48.gif",
    "49": "https://fastly.jsdelivr.net/gh/tzy13755126023/emotion/qq_2020f/49.gif",
    "50": "https://fastly.jsdelivr.net/gh/tzy13755126023/emotion/qq_2020f/50.gif",
    "51": "https://fastly.jsdelivr.net/gh/tzy13755126023/emotion/qq_2020f/51.gif",
    "52": "https://fastly.jsdelivr.net/gh/tzy13755126023/emotion/qq_2020f/52.gif",
    "53": "https://fastly.jsdelivr.net/gh/tzy13755126023/emotion/qq_2020f/53.gif",
    "54": "https://fastly.jsdelivr.net/gh/tzy13755126023/emotion/qq_2020f/54.gif",
    "55": "https://fastly.jsdelivr.net/gh/tzy13755126023/emotion/qq_2020f/55.gif",
    "56": "https://fastly.jsdelivr.net/gh/tzy13755126023/emotion/qq_2020f/56.gif",
    "57": "https://fastly.jsdelivr.net/gh/tzy13755126023/emotion/qq_2020f/57.gif",
    "58": "https://fastly.jsdelivr.net/gh/tzy13755126023/emotion/qq_2020f/58.gif",
    "59": "https://fastly.jsdelivr.net/gh/tzy13755126023/emotion/qq_2020f/59.gif",
    "60": "https://fastly.jsdelivr.net/gh/tzy13755126023/emotion/qq_2020f/60.gif",
    "61": "https://fastly.jsdelivr.net/gh/tzy13755126023/emotion/qq_2020f/61.gif",
    "62": "https://fastly.jsdelivr.net/gh/tzy13755126023/emotion/qq_2020f/62.gif",
    "63": "https://fastly.jsdelivr.net/gh/tzy13755126023/emotion/qq_2020f/63.gif",
    "64": "https://fastly.jsdelivr.net/gh/tzy13755126023/emotion/qq_2020f/64.gif",
    "65": "https://fastly.jsdelivr.net/gh/tzy13755126023/emotion/qq_2020f/65.gif",
    "66": "https://fastly.jsdelivr.net/gh/tzy13755126023/emotion/qq_2020f/66.gif",
    "67": "https://fastly.jsdelivr.net/gh/tzy13755126023/emotion/qq_2020f/67.gif",
    "68": "https://fastly.jsdelivr.net/gh/tzy13755126023/emotion/qq_2020f/68.gif",
    "69": "https://fastly.jsdelivr.net/gh/tzy13755126023/emotion/qq_2020f/69.gif",
    "70": "https://fastly.jsdelivr.net/gh/tzy13755126023/emotion/qq_2020f/70.gif",
    "71": "https://fastly.jsdelivr.net/gh/tzy13755126023/emotion/qq_2020f/71.gif",
    "72": "https://fastly.jsdelivr.net/gh/tzy13755126023/emotion/qq_2020f/72.gif",
    "73": "https://fastly.jsdelivr.net/gh/tzy13755126023/emotion/qq_2020f/73.gif",
    "74": "https://fastly.jsdelivr.net/gh/tzy13755126023/emotion/qq_2020f/74.gif",
    "75": "https://fastly.jsdelivr.net/gh/tzy13755126023/emotion/qq_2020f/75.gif",
    "76": "https://fastly.jsdelivr.net/gh/tzy13755126023/emotion/qq_2020f/76.gif",
    "77": "https://fastly.jsdelivr.net/gh/tzy13755126023/emotion/qq_2020f/77.gif",
    "78": "https://fastly.jsdelivr.net/gh/tzy13755126023/emotion/qq_2020f/78.gif",
    "79": "https://fastly.jsdelivr.net/gh/tzy13755126023/emotion/qq_2020f/79.gif",
    "80": "https://fastly.jsdelivr.net/gh/tzy13755126023/emotion/qq_2020f/80.gif",
    "81": "https://fastly.jsdelivr.net/gh/tzy13755126023/emotion/qq_2020f/81.gif",
    "82": "https://fastly.jsdelivr.net/gh/tzy13755126023/emotion/qq_2020f/82.gif",
    "83": "https://fastly.jsdelivr.net/gh/tzy13755126023/emotion/qq_2020f/83.gif",
    "84": "https://fastly.jsdelivr.net/gh/tzy13755126023/emotion/qq_2020f/84.gif",
    "85": "https://fastly.jsdelivr.net/gh/tzy13755126023/emotion/qq_2020f/85.gif",
    "86": "https://fastly.jsdelivr.net/gh/tzy13755126023/emotion/qq_2020f/86.gif",
    "87": "https://fastly.jsdelivr.net/gh/tzy13755126023/emotion/qq_2020f/87.gif",
    "88": "https://fastly.jsdelivr.net/gh/tzy13755126023/emotion/qq_2020f/88.gif",
    "89": "https://fastly.jsdelivr.net/gh/tzy13755126023/emotion/qq_2020f/89.gif",
    "90": "https://fastly.jsdelivr.net/gh/tzy13755126023/emotion/qq_2020f/90.gif",
    "91": "https://fastly.jsdelivr.net/gh/tzy13755126023/emotion/qq_2020f/91.gif",
    "92": "https://fastly.jsdelivr.net/gh/tzy13755126023/emotion/qq_2020f/92.gif",
    "93": "https://fastly.jsdelivr.net/gh/tzy13755126023/emotion/qq_2020f/93.gif",
    "94": "https://fastly.jsdelivr.net/gh/tzy13755126023/emotion/qq_2020f/94.gif",
    "95": "https://fastly.jsdelivr.net/gh/tzy13755126023/emotion/qq_2020f/95.gif",
    "96": "https://fastly.jsdelivr.net/gh/tzy13755126023/emotion/qq_2020f/96.gif",
    "97": "https://fastly.jsdelivr.net/gh/tzy13755126023/emotion/qq_2020f/97.gif",
    "98": "https://fastly.jsdelivr.net/gh/tzy13755126023/emotion/qq_2020f/98.gif",
    "99": "https://fastly.jsdelivr.net/gh/tzy13755126023/emotion/qq_2020f/99.gif",
    "100": "https://fastly.jsdelivr.net/gh/tzy13755126023/emotion/qq_2020f/100.gif",
    "101": "https://fastly.jsdelivr.net/gh/tzy13755126023/emotion/qq_2020f/101.gif",
    "102": "https://fastly.jsdelivr.net/gh/tzy13755126023/emotion/qq_2020f/102.gif",
    "103": "https://fastly.jsdelivr.net/gh/tzy13755126023/emotion/qq_2020f/103.gif",
    "104": "https://fastly.jsdelivr.net/gh/tzy13755126023/emotion/qq_2020f/104.gif",
    "105": "https://fastly.jsdelivr.net/gh/tzy13755126023/emotion/qq_2020f/105.gif",
    "106": "https://fastly.jsdelivr.net/gh/tzy13755126023/emotion/qq_2020f/106.gif",
    "107": "https://fastly.jsdelivr.net/gh/tzy13755126023/emotion/qq_2020f/107.gif",
    "108": "https://fastly.jsdelivr.net/gh/tzy13755126023/emotion/qq_2020f/108.gif",
    "109": "https://fastly.jsdelivr.net/gh/tzy13755126023/emotion/qq_2020f/109.gif",
    "110": "https://fastly.jsdelivr.net/gh/tzy13755126023/emotion/qq_2020f/110.gif",
    "111": "https://fastly.jsdelivr.net/gh/tzy13755126023/emotion/qq_2020f/111.gif",
    "112": "https://fastly.jsdelivr.net/gh/tzy13755126023/emotion/qq_2020f/112.gif",
    "113": "https://fastly.jsdelivr.net/gh/tzy13755126023/emotion/qq_2020f/113.gif",
    "114": "https://fastly.jsdelivr.net/gh/tzy13755126023/emotion/qq_2020f/114.gif",
    "115": "https://fastly.jsdelivr.net/gh/tzy13755126023/emotion/qq_2020f/115.gif",
    "116": "https://fastly.jsdelivr.net/gh/tzy13755126023/emotion/qq_2020f/116.gif",
    "117": "https://fastly.jsdelivr.net/gh/tzy13755126023/emotion/qq_2020f/117.gif",
    "118": "https://fastly.jsdelivr.net/gh/tzy13755126023/emotion/qq_2020f/118.gif",
    "119": "https://fastly.jsdelivr.net/gh/tzy13755126023/emotion/qq_2020f/119.gif",
    "120": "https://fastly.jsdelivr.net/gh/tzy13755126023/emotion/qq_2020f/120.gif",
    "121": "https://fastly.jsdelivr.net/gh/tzy13755126023/emotion/qq_2020f/121.gif",
    "122": "https://fastly.jsdelivr.net/gh/tzy13755126023/emotion/qq_2020f/122.gif",
    "123": "https://fastly.jsdelivr.net/gh/tzy13755126023/emotion/qq_2020f/123.gif",
    "124": "https://fastly.jsdelivr.net/gh/tzy13755126023/emotion/qq_2020f/124.gif",
    "125": "https://fastly.jsdelivr.net/gh/tzy13755126023/emotion/qq_2020f/125.gif",
    "126": "https://fastly.jsdelivr.net/gh/tzy13755126023/emotion/qq_2020f/126.gif",
    "127": "https://fastly.jsdelivr.net/gh/tzy13755126023/emotion/qq_2020f/127.gif",
    "128": "https://fastly.jsdelivr.net/gh/tzy13755126023/emotion/qq_2020f/128.gif",
    "129": "https://fastly.jsdelivr.net/gh/tzy13755126023/emotion/qq_2020f/129.gif",
    "130": "https://fastly.jsdelivr.net/gh/tzy13755126023/emotion/qq_2020f/130.gif",
    "131": "https://fastly.jsdelivr.net/gh/tzy13755126023/emotion/qq_2020f/131.gif",
    "132": "https://fastly.jsdelivr.net/gh/tzy13755126023/emotion/qq_2020f/132.gif",
    "133": "https://fastly.jsdelivr.net/gh/tzy13755126023/emotion/qq_2020f/133.gif",
    "134": "https://fastly.jsdelivr.net/gh/tzy13755126023/emotion/qq_2020f/134.gif",
    "135": "https://fastly.jsdelivr.net/gh/tzy13755126023/emotion/qq_2020f/135.gif",
    "136": "https://fastly.jsdelivr.net/gh/tzy13755126023/emotion/qq_2020f/136.gif",
    "137": "https://fastly.jsdelivr.net/gh/tzy13755126023/emotion/qq_2020f/137.gif",
    "138": "https://fastly.jsdelivr.net/gh/tzy13755126023/emotion/qq_2020f/138.gif",
    "139": "https://fastly.jsdelivr.net/gh/tzy13755126023/emotion/qq_2020f/139.gif",
    "140": "https://fastly.jsdelivr.net/gh/tzy13755126023/emotion/qq_2020f/140.gif",
    "141": "https://fastly.jsdelivr.net/gh/tzy13755126023/emotion/qq_2020f/141.gif",
    "142": "https://fastly.jsdelivr.net/gh/tzy13755126023/emotion/qq_2020f/142.gif",
    "143": "https://fastly.jsdelivr.net/gh/tzy13755126023/emotion/qq_2020f/143.gif",
    "144": "https://fastly.jsdelivr.net/gh/tzy13755126023/emotion/qq_2020f/144.gif",
    "145": "https://fastly.jsdelivr.net/gh/tzy13755126023/emotion/qq_2020f/145.gif",
    "146": "https://fastly.jsdelivr.net/gh/tzy13755126023/emotion/qq_2020f/146.gif",
    "147": "https://fastly.jsdelivr.net/gh/tzy13755126023/emotion/qq_2020f/147.gif",
    "148": "https://fastly.jsdelivr.net/gh/tzy13755126023/emotion/qq_2020f/148.gif",
    "149": "https://fastly.jsdelivr.net/gh/tzy13755126023/emotion/qq_2020f/149.gif",
    "150": "https://fastly.jsdelivr.net/gh/tzy13755126023/emotion/qq_2020f/150.gif",
    "151": "https://fastly.jsdelivr.net/gh/tzy13755126023/emotion/qq_2020f/151.gif",
    "152": "https://fastly.jsdelivr.net/gh/tzy13755126023/emotion/qq_2020f/152.gif",
    "153": "https://fastly.jsdelivr.net/gh/tzy13755126023/emotion/qq_2020f/153.gif",
    "154": "https://fastly.jsdelivr.net/gh/tzy13755126023/emotion/qq_2020f/154.gif",
    "155": "https://fastly.jsdelivr.net/gh/tzy13755126023/emotion/qq_2020f/155.gif",
    "156": "https://fastly.jsdelivr.net/gh/tzy13755126023/emotion/qq_2020f/156.gif",
    "157": "https://fastly.jsdelivr.net/gh/tzy13755126023/emotion/qq_2020f/157.gif",
    "158": "https://fastly.jsdelivr.net/gh/tzy13755126023/emotion/qq_2020f/158.gif",
    "159": "https://fastly.jsdelivr.net/gh/tzy13755126023/emotion/qq_2020f/159.gif",
    "160": "https://fastly.jsdelivr.net/gh/tzy13755126023/emotion/qq_2020f/160.gif",
    "161": "https://fastly.jsdelivr.net/gh/tzy13755126023/emotion/qq_2020f/161.gif",
    "162": "https://fastly.jsdelivr.net/gh/tzy13755126023/emotion/qq_2020f/162.gif",
    "163": "https://fastly.jsdelivr.net/gh/tzy13755126023/emotion/qq_2020f/163.gif",
    "164": "https://fastly.jsdelivr.net/gh/tzy13755126023/emotion/qq_2020f/164.gif",
    "165": "https://fastly.jsdelivr.net/gh/tzy13755126023/emotion/qq_2020f/165.gif",
    "166": "https://fastly.jsdelivr.net/gh/tzy13755126023/emotion/qq_2020f/166.gif",
    "167": "https://fastly.jsdelivr.net/gh/tzy13755126023/emotion/qq_2020f/167.gif",
    "168": "https://fastly.jsdelivr.net/gh/tzy13755126023/emotion/qq_2020f/168.gif",
    "169": "https://fastly.jsdelivr.net/gh/tzy13755126023/emotion/qq_2020f/169.gif",
    "170": "https://fastly.jsdelivr.net/gh/tzy13755126023/emotion/qq_2020f/170.gif",
    "171": "https://fastly.jsdelivr.net/gh/tzy13755126023/emotion/qq_2020f/171.gif",
    "172": "https://fastly.jsdelivr.net/gh/tzy13755126023/emotion/qq_2020f/172.gif",
    "173": "https://fastly.jsdelivr.net/gh/tzy13755126023/emotion/qq_2020f/173.gif",
    "174": "https://fastly.jsdelivr.net/gh/tzy13755126023/emotion/qq_2020f/174.gif",
    "175": "https://fastly.jsdelivr.net/gh/tzy13755126023/emotion/qq_2020f/175.gif",
    "176": "https://fastly.jsdelivr.net/gh/tzy13755126023/emotion/qq_2020f/176.gif",
    "177": "https://fastly.jsdelivr.net/gh/tzy13755126023/emotion/qq_2020f/177.gif",
    "178": "https://fastly.jsdelivr.net/gh/tzy13755126023/emotion/qq_2020f/178.gif",
    "179": "https://fastly.jsdelivr.net/gh/tzy13755126023/emotion/qq_2020f/179.gif",
    "180": "https://fastly.jsdelivr.net/gh/tzy13755126023/emotion/qq_2020f/180.gif",
    "181": "https://fastly.jsdelivr.net/gh/tzy13755126023/emotion/qq_2020f/181.gif",
    "182": "https://fastly.jsdelivr.net/gh/tzy13755126023/emotion/qq_2020f/182.gif",
    "183": "https://fastly.jsdelivr.net/gh/tzy13755126023/emotion/qq_2020f/183.gif",
    "184": "https://fastly.jsdelivr.net/gh/tzy13755126023/emotion/qq_2020f/184.gif",
    "185": "https://fastly.jsdelivr.net/gh/tzy13755126023/emotion/qq_2020f/185.gif",
    "186": "https://fastly.jsdelivr.net/gh/tzy13755126023/emotion/qq_2020f/186.gif",
    "187": "https://fastly.jsdelivr.net/gh/tzy13755126023/emotion/qq_2020f/187.gif",
    "188": "https://fastly.jsdelivr.net/gh/tzy13755126023/emotion/qq_2020f/188.gif",
    "189": "https://fastly.jsdelivr.net/gh/tzy13755126023/emotion/qq_2020f/189.gif",
    "190": "https://fastly.jsdelivr.net/gh/tzy13755126023/emotion/qq_2020f/190.gif",
    "191": "https://fastly.jsdelivr.net/gh/tzy13755126023/emotion/qq_2020f/191.gif",
    "192": "https://fastly.jsdelivr.net/gh/tzy13755126023/emotion/qq_2020f/192.gif",
    "193": "https://fastly.jsdelivr.net/gh/tzy13755126023/emotion/qq_2020f/193.gif",
    "194": "https://fastly.jsdelivr.net/gh/tzy13755126023/emotion/qq_2020f/194.gif",
    "195": "https://fastly.jsdelivr.net/gh/tzy13755126023/emotion/qq_2020f/195.gif",
    "196": "https://fastly.jsdelivr.net/gh/tzy13755126023/emotion/qq_2020f/196.gif",
    "197": "https://fastly.jsdelivr.net/gh/tzy13755126023/emotion/qq_2020f/197.gif",
    "198": "https://fastly.jsdelivr.net/gh/tzy13755126023/emotion/qq_2020f/198.gif",
    "199": "https://fastly.jsdelivr.net/gh/tzy13755126023/emotion/qq_2020f/199.gif",
    "200": "https://fastly.jsdelivr.net/gh/tzy13755126023/emotion/qq_2020f/200.gif",
    "201": "https://fastly.jsdelivr.net/gh/tzy13755126023/emotion/qq_2020f/201.gif",
    "202": "https://fastly.jsdelivr.net/gh/tzy13755126023/emotion/qq_2020f/202.gif",
    "203": "https://fastly.jsdelivr.net/gh/tzy13755126023/emotion/qq_2020f/203.gif",
    "204": "https://fastly.jsdelivr.net/gh/tzy13755126023/emotion/qq_2020f/204.gif",
    "205": "https://fastly.jsdelivr.net/gh/tzy13755126023/emotion/qq_2020f/205.gif",
    "206": "https://fastly.jsdelivr.net/gh/tzy13755126023/emotion/qq_2020f/206.gif",
    "207": "https://fastly.jsdelivr.net/gh/tzy13755126023/emotion/qq_2020f/207.gif",
    "0": "https://fastly.jsdelivr.net/gh/tzy13755126023/emotion/qq_2020f/0.gif",
    "bili_tv_gif_黑人问号": "https://fastly.jsdelivr.net/gh/tzy13755126023/emotion/bili_tv_gif/黑人问号.gif",
    "bili_tv_gif_抓狂": "https://fastly.jsdelivr.net/gh/tzy13755126023/emotion/bili_tv_gif/抓狂.gif",
    "bili_tv_gif_再见": "https://fastly.jsdelivr.net/gh/tzy13755126023/emotion/bili_tv_gif/再见.gif",
    "bili_tv_gif_晕": "https://fastly.jsdelivr.net/gh/tzy13755126023/emotion/bili_tv_gif/晕.gif",
    "bili_tv_gif_疑问": "https://fastly.jsdelivr.net/gh/tzy13755126023/emotion/bili_tv_gif/疑问.gif",
    "bili_tv_gif_斜眼笑": "https://fastly.jsdelivr.net/gh/tzy13755126023/emotion/bili_tv_gif/斜眼笑.gif",
    "bili_tv_gif_笑哭": "https://fastly.jsdelivr.net/gh/tzy13755126023/emotion/bili_tv_gif/笑哭.gif",
    "bili_tv_gif_无奈": "https://fastly.jsdelivr.net/gh/tzy13755126023/emotion/bili_tv_gif/无奈.gif",
    "bili_tv_gif_委屈": "https://fastly.jsdelivr.net/gh/tzy13755126023/emotion/bili_tv_gif/委屈.gif",
    "bili_tv_gif_微笑": "https://fastly.jsdelivr.net/gh/tzy13755126023/emotion/bili_tv_gif/微笑.gif",
    "bili_tv_gif_吐血": "https://fastly.jsdelivr.net/gh/tzy13755126023/emotion/bili_tv_gif/吐血.gif",
    "bili_tv_gif_偷笑": "https://fastly.jsdelivr.net/gh/tzy13755126023/emotion/bili_tv_gif/偷笑.gif",
    "bili_tv_gif_思考": "https://fastly.jsdelivr.net/gh/tzy13755126023/emotion/bili_tv_gif/思考.gif",
    "bili_tv_gif_睡着": "https://fastly.jsdelivr.net/gh/tzy13755126023/emotion/bili_tv_gif/睡着.gif",
    "bili_tv_gif_生气": "https://fastly.jsdelivr.net/gh/tzy13755126023/emotion/bili_tv_gif/生气.gif",
    "bili_tv_gif_生病": "https://fastly.jsdelivr.net/gh/tzy13755126023/emotion/bili_tv_gif/生病.gif",
    "bili_tv_gif_色": "https://fastly.jsdelivr.net/gh/tzy13755126023/emotion/bili_tv_gif/色.gif",
    "bili_tv_gif_亲亲": "https://fastly.jsdelivr.net/gh/tzy13755126023/emotion/bili_tv_gif/亲亲.gif",
    "bili_tv_gif_呕吐": "https://fastly.jsdelivr.net/gh/tzy13755126023/emotion/bili_tv_gif/呕吐.gif",
    "bili_tv_gif_难过": "https://fastly.jsdelivr.net/gh/tzy13755126023/emotion/bili_tv_gif/难过.gif",
    "bili_tv_gif_腼腆": "https://fastly.jsdelivr.net/gh/tzy13755126023/emotion/bili_tv_gif/腼腆.gif",
    "bili_tv_gif_流汗": "https://fastly.jsdelivr.net/gh/tzy13755126023/emotion/bili_tv_gif/流汗.gif",
    "bili_tv_gif_流鼻血": "https://fastly.jsdelivr.net/gh/tzy13755126023/emotion/bili_tv_gif/流鼻血.gif",
    "bili_tv_gif_困": "https://fastly.jsdelivr.net/gh/tzy13755126023/emotion/bili_tv_gif/困.gif",
    "bili_tv_gif_抠鼻子": "https://fastly.jsdelivr.net/gh/tzy13755126023/emotion/bili_tv_gif/抠鼻子.gif",
    "bili_tv_gif_可爱": "https://fastly.jsdelivr.net/gh/tzy13755126023/emotion/bili_tv_gif/可爱.gif",
    "bili_tv_gif_惊吓": "https://fastly.jsdelivr.net/gh/tzy13755126023/emotion/bili_tv_gif/惊吓.gif",
    "bili_tv_gif_坏笑": "https://fastly.jsdelivr.net/gh/tzy13755126023/emotion/bili_tv_gif/坏笑.gif",
    "bili_tv_gif_害羞": "https://fastly.jsdelivr.net/gh/tzy13755126023/emotion/bili_tv_gif/害羞.gif",
    "bili_tv_gif_鼓掌": "https://fastly.jsdelivr.net/gh/tzy13755126023/emotion/bili_tv_gif/鼓掌.gif",
    "bili_tv_gif_尴尬": "https://fastly.jsdelivr.net/gh/tzy13755126023/emotion/bili_tv_gif/尴尬.gif",
    "bili_tv_gif_发怒": "https://fastly.jsdelivr.net/gh/tzy13755126023/emotion/bili_tv_gif/发怒.gif",
    "bili_tv_gif_发财": "https://fastly.jsdelivr.net/gh/tzy13755126023/emotion/bili_tv_gif/发财.gif",
    "bili_tv_gif_调皮": "https://fastly.jsdelivr.net/gh/tzy13755126023/emotion/bili_tv_gif/调皮.gif",
    "bili_tv_gif_点赞": "https://fastly.jsdelivr.net/gh/tzy13755126023/emotion/bili_tv_gif/点赞.gif",
    "bili_tv_gif_呆": "https://fastly.jsdelivr.net/gh/tzy13755126023/emotion/bili_tv_gif/呆.gif",
    "bili_tv_gif_大佬": "https://fastly.jsdelivr.net/gh/tzy13755126023/emotion/bili_tv_gif/大佬.gif",
    "bili_tv_gif_大哭": "https://fastly.jsdelivr.net/gh/tzy13755126023/emotion/bili_tv_gif/大哭.gif",
    "bili_tv_gif_打脸": "https://fastly.jsdelivr.net/gh/tzy13755126023/emotion/bili_tv_gif/打脸.gif",
    "bili_tv_gif_馋": "https://fastly.jsdelivr.net/gh/tzy13755126023/emotion/bili_tv_gif/馋.gif",
    "bili_tv_gif_闭嘴": "https://fastly.jsdelivr.net/gh/tzy13755126023/emotion/bili_tv_gif/闭嘴.gif",
    "bili_tv_gif_鄙视": "https://fastly.jsdelivr.net/gh/tzy13755126023/emotion/bili_tv_gif/鄙视.gif",
    "bili_tv_gif_白眼": "https://fastly.jsdelivr.net/gh/tzy13755126023/emotion/bili_tv_gif/白眼.gif",
    "bili_tv_gif_doge": "https://fastly.jsdelivr.net/gh/tzy13755126023/emotion/bili_tv_gif/doge.gif",
    "menhera-chan_SR_14": "https://fastly.jsdelivr.net/gh/tzy13755126023/emotion/menhera-chan/SR_14.jpg",
    "menhera-chan_SR_22": "https://fastly.jsdelivr.net/gh/tzy13755126023/emotion/menhera-chan/SR_22.jpg",
    "menhera-chan_SR_23": "https://fastly.jsdelivr.net/gh/tzy13755126023/emotion/menhera-chan/SR_23.jpg",
    "menhera-chan_SR_102": "https://fastly.jsdelivr.net/gh/tzy13755126023/emotion/menhera-chan/SR_102.jpg",
    "menhera-chan_SR_101": "https://fastly.jsdelivr.net/gh/tzy13755126023/emotion/menhera-chan/SR_101.jpg",
    "menhera-chan_SR_8": "https://fastly.jsdelivr.net/gh/tzy13755126023/emotion/menhera-chan/SR_8.jpg",
    "menhera-chan_SR_61": "https://fastly.jsdelivr.net/gh/tzy13755126023/emotion/menhera-chan/SR_61.jpg",
    "menhera-chan_SR_86": "https://fastly.jsdelivr.net/gh/tzy13755126023/emotion/menhera-chan/SR_86.jpg",
    "menhera-chan_SR_45": "https://fastly.jsdelivr.net/gh/tzy13755126023/emotion/menhera-chan/SR_45.jpg",
    "menhera-chan_SR_34": "https://fastly.jsdelivr.net/gh/tzy13755126023/emotion/menhera-chan/SR_34.jpg",
    "menhera-chan_SR_77": "https://fastly.jsdelivr.net/gh/tzy13755126023/emotion/menhera-chan/SR_77.jpg",
    "menhera-chan_SR_79": "https://fastly.jsdelivr.net/gh/tzy13755126023/emotion/menhera-chan/SR_79.jpg",
    "menhera-chan_SR_21": "https://fastly.jsdelivr.net/gh/tzy13755126023/emotion/menhera-chan/SR_21.jpg",
    "menhera-chan_SR_18": "https://fastly.jsdelivr.net/gh/tzy13755126023/emotion/menhera-chan/SR_18.jpg",
    "menhera-chan_SR_41": "https://fastly.jsdelivr.net/gh/tzy13755126023/emotion/menhera-chan/SR_41.jpg",
    "menhera-chan_SR_65": "https://fastly.jsdelivr.net/gh/tzy13755126023/emotion/menhera-chan/SR_65.jpg",
    "menhera-chan_SR_64": "https://fastly.jsdelivr.net/gh/tzy13755126023/emotion/menhera-chan/SR_64.jpg",
    "menhera-chan_SR_63": "https://fastly.jsdelivr.net/gh/tzy13755126023/emotion/menhera-chan/SR_63.jpg",
    "menhera-chan_SR_62": "https://fastly.jsdelivr.net/gh/tzy13755126023/emotion/menhera-chan/SR_62.jpg",
    "menhera-chan_SR_60": "https://fastly.jsdelivr.net/gh/tzy13755126023/emotion/menhera-chan/SR_60.jpg",
    "menhera-chan_SR_59": "https://fastly.jsdelivr.net/gh/tzy13755126023/emotion/menhera-chan/SR_59.jpg",
    "menhera-chan_SR_58": "https://fastly.jsdelivr.net/gh/tzy13755126023/emotion/menhera-chan/SR_58.jpg",
    "menhera-chan_SR_57": "https://fastly.jsdelivr.net/gh/tzy13755126023/emotion/menhera-chan/SR_57.jpg",
    "menhera-chan_SR_56": "https://fastly.jsdelivr.net/gh/tzy13755126023/emotion/menhera-chan/SR_56.jpg",
    "menhera-chan_SR_55": "https://fastly.jsdelivr.net/gh/tzy13755126023/emotion/menhera-chan/SR_55.jpg",
    "menhera-chan_SR_54": "https://fastly.jsdelivr.net/gh/tzy13755126023/emotion/menhera-chan/SR_54.jpg",
    "menhera-chan_SR_53": "https://fastly.jsdelivr.net/gh/tzy13755126023/emotion/menhera-chan/SR_53.jpg",
    "menhera-chan_SR_53(1)": "https://fastly.jsdelivr.net/gh/tzy13755126023/emotion/menhera-chan/SR_53(1).jpg",
    "menhera-chan_SR_52": "https://fastly.jsdelivr.net/gh/tzy13755126023/emotion/menhera-chan/SR_52.jpg",
    "menhera-chan_SR_51": "https://fastly.jsdelivr.net/gh/tzy13755126023/emotion/menhera-chan/SR_51.jpg",
    "menhera-chan_SR_50": "https://fastly.jsdelivr.net/gh/tzy13755126023/emotion/menhera-chan/SR_50.jpg",
    "menhera-chan_SR_49": "https://fastly.jsdelivr.net/gh/tzy13755126023/emotion/menhera-chan/SR_49.jpg",
    "menhera-chan_SR_48": "https://fastly.jsdelivr.net/gh/tzy13755126023/emotion/menhera-chan/SR_48.jpg",
    "menhera-chan_SR_47": "https://fastly.jsdelivr.net/gh/tzy13755126023/emotion/menhera-chan/SR_47.jpg",
    "menhera-chan_SR_46": "https://fastly.jsdelivr.net/gh/tzy13755126023/emotion/menhera-chan/SR_46.jpg",
    "menhera-chan_SR_44": "https://fastly.jsdelivr.net/gh/tzy13755126023/emotion/menhera-chan/SR_44.jpg",
    "menhera-chan_SR_43": "https://fastly.jsdelivr.net/gh/tzy13755126023/emotion/menhera-chan/SR_43.jpg",
    "menhera-chan_SR_42": "https://fastly.jsdelivr.net/gh/tzy13755126023/emotion/menhera-chan/SR_42.jpg",
    "menhera-chan_SR_40": "https://fastly.jsdelivr.net/gh/tzy13755126023/emotion/menhera-chan/SR_40.jpg",
    "menhera-chan_SR_39": "https://fastly.jsdelivr.net/gh/tzy13755126023/emotion/menhera-chan/SR_39.jpg",
    "menhera-chan_SR_38": "https://fastly.jsdelivr.net/gh/tzy13755126023/emotion/menhera-chan/SR_38.jpg",
    "menhera-chan_SR_37": "https://fastly.jsdelivr.net/gh/tzy13755126023/emotion/menhera-chan/SR_37.jpg",
    "menhera-chan_SR_36": "https://fastly.jsdelivr.net/gh/tzy13755126023/emotion/menhera-chan/SR_36.jpg",
    "menhera-chan_SR_35": "https://fastly.jsdelivr.net/gh/tzy13755126023/emotion/menhera-chan/SR_35.jpg",
    "menhera-chan_SR_33": "https://fastly.jsdelivr.net/gh/tzy13755126023/emotion/menhera-chan/SR_33.jpg",
    "menhera-chan_SR_32": "https://fastly.jsdelivr.net/gh/tzy13755126023/emotion/menhera-chan/SR_32.jpg",
    "menhera-chan_SR_31": "https://fastly.jsdelivr.net/gh/tzy13755126023/emotion/menhera-chan/SR_31.jpg",
    "menhera-chan_SR_30": "https://fastly.jsdelivr.net/gh/tzy13755126023/emotion/menhera-chan/SR_30.jpg",
    "menhera-chan_SR_29": "https://fastly.jsdelivr.net/gh/tzy13755126023/emotion/menhera-chan/SR_29.jpg",
    "menhera-chan_SR_28": "https://fastly.jsdelivr.net/gh/tzy13755126023/emotion/menhera-chan/SR_28.jpg",
    "menhera-chan_SR_27": "https://fastly.jsdelivr.net/gh/tzy13755126023/emotion/menhera-chan/SR_27.jpg",
    "menhera-chan_SR_26": "https://fastly.jsdelivr.net/gh/tzy13755126023/emotion/menhera-chan/SR_26.jpg",
    "menhera-chan_SR_25": "https://fastly.jsdelivr.net/gh/tzy13755126023/emotion/menhera-chan/SR_25.jpg",
    "menhera-chan_SR_24": "https://fastly.jsdelivr.net/gh/tzy13755126023/emotion/menhera-chan/SR_24.jpg",
    "menhera-chan_SR_20": "https://fastly.jsdelivr.net/gh/tzy13755126023/emotion/menhera-chan/SR_20.jpg",
    "menhera-chan_SR_19": "https://fastly.jsdelivr.net/gh/tzy13755126023/emotion/menhera-chan/SR_19.jpg",
    "menhera-chan_SR_17": "https://fastly.jsdelivr.net/gh/tzy13755126023/emotion/menhera-chan/SR_17.jpg",
    "menhera-chan_SR_16": "https://fastly.jsdelivr.net/gh/tzy13755126023/emotion/menhera-chan/SR_16.jpg",
    "menhera-chan_SR_15": "https://fastly.jsdelivr.net/gh/tzy13755126023/emotion/menhera-chan/SR_15.jpg",
    "menhera-chan_SR_13": "https://fastly.jsdelivr.net/gh/tzy13755126023/emotion/menhera-chan/SR_13.jpg",
    "menhera-chan_SR_12": "https://fastly.jsdelivr.net/gh/tzy13755126023/emotion/menhera-chan/SR_12.jpg",
    "menhera-chan_SR_11": "https://fastly.jsdelivr.net/gh/tzy13755126023/emotion/menhera-chan/SR_11.jpg",
    "menhera-chan_SR_10": "https://fastly.jsdelivr.net/gh/tzy13755126023/emotion/menhera-chan/SR_10.jpg",
    "menhera-chan_SR_9": "https://fastly.jsdelivr.net/gh/tzy13755126023/emotion/menhera-chan/SR_9.jpg",
    "menhera-chan_SR_7": "https://fastly.jsdelivr.net/gh/tzy13755126023/emotion/menhera-chan/SR_7.jpg",
    "menhera-chan_SR_6": "https://fastly.jsdelivr.net/gh/tzy13755126023/emotion/menhera-chan/SR_6.jpg",
    "menhera-chan_SR_5": "https://fastly.jsdelivr.net/gh/tzy13755126023/emotion/menhera-chan/SR_5.jpg",
    "menhera-chan_SR_4": "https://fastly.jsdelivr.net/gh/tzy13755126023/emotion/menhera-chan/SR_4.jpg",
    "menhera-chan_SR_3": "https://fastly.jsdelivr.net/gh/tzy13755126023/emotion/menhera-chan/SR_3.jpg",
    "menhera-chan_SR_2": "https://fastly.jsdelivr.net/gh/tzy13755126023/emotion/menhera-chan/SR_2.jpg",
    "menhera-chan_SR_1": "https://fastly.jsdelivr.net/gh/tzy13755126023/emotion/menhera-chan/SR_1.jpg",
    "menhera-chan_SR_120": "https://fastly.jsdelivr.net/gh/tzy13755126023/emotion/menhera-chan/SR_120.jpg",
    "menhera-chan_SR_119": "https://fastly.jsdelivr.net/gh/tzy13755126023/emotion/menhera-chan/SR_119.jpg",
    "menhera-chan_SR_118": "https://fastly.jsdelivr.net/gh/tzy13755126023/emotion/menhera-chan/SR_118.jpg",
    "menhera-chan_SR_117": "https://fastly.jsdelivr.net/gh/tzy13755126023/emotion/menhera-chan/SR_117.jpg",
    "menhera-chan_SR_116": "https://fastly.jsdelivr.net/gh/tzy13755126023/emotion/menhera-chan/SR_116.jpg",
    "menhera-chan_SR_115": "https://fastly.jsdelivr.net/gh/tzy13755126023/emotion/menhera-chan/SR_115.jpg",
    "menhera-chan_SR_114": "https://fastly.jsdelivr.net/gh/tzy13755126023/emotion/menhera-chan/SR_114.jpg",
    "menhera-chan_SR_113": "https://fastly.jsdelivr.net/gh/tzy13755126023/emotion/menhera-chan/SR_113.jpg",
    "menhera-chan_SR_112": "https://fastly.jsdelivr.net/gh/tzy13755126023/emotion/menhera-chan/SR_112.jpg",
    "menhera-chan_SR_111": "https://fastly.jsdelivr.net/gh/tzy13755126023/emotion/menhera-chan/SR_111.jpg",
    "menhera-chan_SR_110": "https://fastly.jsdelivr.net/gh/tzy13755126023/emotion/menhera-chan/SR_110.jpg",
    "menhera-chan_SR_109": "https://fastly.jsdelivr.net/gh/tzy13755126023/emotion/menhera-chan/SR_109.jpg",
    "menhera-chan_SR_108": "https://fastly.jsdelivr.net/gh/tzy13755126023/emotion/menhera-chan/SR_108.jpg",
    "menhera-chan_SR_107": "https://fastly.jsdelivr.net/gh/tzy13755126023/emotion/menhera-chan/SR_107.jpg",
    "menhera-chan_SR_106": "https://fastly.jsdelivr.net/gh/tzy13755126023/emotion/menhera-chan/SR_106.jpg",
    "menhera-chan_SR_105": "https://fastly.jsdelivr.net/gh/tzy13755126023/emotion/menhera-chan/SR_105.jpg",
    "menhera-chan_SR_104": "https://fastly.jsdelivr.net/gh/tzy13755126023/emotion/menhera-chan/SR_104.jpg",
    "menhera-chan_SR_103": "https://fastly.jsdelivr.net/gh/tzy13755126023/emotion/menhera-chan/SR_103.jpg",
    "menhera-chan_SR_100": "https://fastly.jsdelivr.net/gh/tzy13755126023/emotion/menhera-chan/SR_100.jpg",
    "menhera-chan_SR_99": "https://fastly.jsdelivr.net/gh/tzy13755126023/emotion/menhera-chan/SR_99.jpg",
    "menhera-chan_SR_98": "https://fastly.jsdelivr.net/gh/tzy13755126023/emotion/menhera-chan/SR_98.jpg",
    "menhera-chan_SR_97": "https://fastly.jsdelivr.net/gh/tzy13755126023/emotion/menhera-chan/SR_97.jpg",
    "menhera-chan_SR_96": "https://fastly.jsdelivr.net/gh/tzy13755126023/emotion/menhera-chan/SR_96.jpg",
    "menhera-chan_SR_95": "https://fastly.jsdelivr.net/gh/tzy13755126023/emotion/menhera-chan/SR_95.jpg",
    "menhera-chan_SR_94": "https://fastly.jsdelivr.net/gh/tzy13755126023/emotion/menhera-chan/SR_94.jpg",
    "menhera-chan_SR_93": "https://fastly.jsdelivr.net/gh/tzy13755126023/emotion/menhera-chan/SR_93.jpg",
    "menhera-chan_SR_92": "https://fastly.jsdelivr.net/gh/tzy13755126023/emotion/menhera-chan/SR_92.jpg",
    "menhera-chan_SR_91": "https://fastly.jsdelivr.net/gh/tzy13755126023/emotion/menhera-chan/SR_91.jpg",
    "menhera-chan_SR_90": "https://fastly.jsdelivr.net/gh/tzy13755126023/emotion/menhera-chan/SR_90.jpg",
    "menhera-chan_SR_89": "https://fastly.jsdelivr.net/gh/tzy13755126023/emotion/menhera-chan/SR_89.jpg",
    "menhera-chan_SR_88": "https://fastly.jsdelivr.net/gh/tzy13755126023/emotion/menhera-chan/SR_88.jpg",
    "menhera-chan_SR_87": "https://fastly.jsdelivr.net/gh/tzy13755126023/emotion/menhera-chan/SR_87.jpg",
    "menhera-chan_SR_85": "https://fastly.jsdelivr.net/gh/tzy13755126023/emotion/menhera-chan/SR_85.jpg",
    "menhera-chan_SR_84": "https://fastly.jsdelivr.net/gh/tzy13755126023/emotion/menhera-chan/SR_84.jpg",
    "menhera-chan_SR_83": "https://fastly.jsdelivr.net/gh/tzy13755126023/emotion/menhera-chan/SR_83.jpg",
    "menhera-chan_SR_82": "https://fastly.jsdelivr.net/gh/tzy13755126023/emotion/menhera-chan/SR_82.jpg",
    "menhera-chan_SR_81": "https://fastly.jsdelivr.net/gh/tzy13755126023/emotion/menhera-chan/SR_81.jpg",
    "menhera-chan_SR_80": "https://fastly.jsdelivr.net/gh/tzy13755126023/emotion/menhera-chan/SR_80.jpg",
    "menhera-chan_SR_78": "https://fastly.jsdelivr.net/gh/tzy13755126023/emotion/menhera-chan/SR_78.jpg",
    "menhera-chan_SR_76": "https://fastly.jsdelivr.net/gh/tzy13755126023/emotion/menhera-chan/SR_76.jpg",
    "menhera-chan_SR_75": "https://fastly.jsdelivr.net/gh/tzy13755126023/emotion/menhera-chan/SR_75.jpg",
    "menhera-chan_SR_74": "https://fastly.jsdelivr.net/gh/tzy13755126023/emotion/menhera-chan/SR_74.jpg",
    "menhera-chan_SR_73": "https://fastly.jsdelivr.net/gh/tzy13755126023/emotion/menhera-chan/SR_73.jpg",
    "menhera-chan_SR_72": "https://fastly.jsdelivr.net/gh/tzy13755126023/emotion/menhera-chan/SR_72.jpg",
    "menhera-chan_SR_71": "https://fastly.jsdelivr.net/gh/tzy13755126023/emotion/menhera-chan/SR_71.jpg",
    "menhera-chan_SR_70": "https://fastly.jsdelivr.net/gh/tzy13755126023/emotion/menhera-chan/SR_70.jpg",
    "menhera-chan_SR_69": "https://fastly.jsdelivr.net/gh/tzy13755126023/emotion/menhera-chan/SR_69.jpg",
    "menhera-chan_SR_68": "https://fastly.jsdelivr.net/gh/tzy13755126023/emotion/menhera-chan/SR_68.jpg",
    "menhera-chan_SR_67": "https://fastly.jsdelivr.net/gh/tzy13755126023/emotion/menhera-chan/SR_67.jpg",
    "menhera-chan_SR_66": "https://fastly.jsdelivr.net/gh/tzy13755126023/emotion/menhera-chan/SR_66.jpg"



}